18,7517.8634,7121.798,-3327.3216,145,0.077915443160779,0.04991896983194552,0.05380550586410674,0.07995085319515537,0.051611583695925466,0.0002577341896934696,0.005446332222763727,0.044660377057206775,0.027977977904653166,0.0061077082918341375,0.09101922806900721,0.03202979520209183,0.02214133404740825,0.0594041341976906,0.02473826744567263,0.05036395772761527,0.04579947743873155,0.07935950387642304,0.05830043746457171,0.09125272948849981,0.047938649628224826
14,7373.7814,7084.0172,-3430.9012,86,0.07196425892972107,0.07140383169221606,0.07222995264774991,0.0492181166139266,0.0766460547789501,0.06710897766295026,0.011798855319503225,0.05098019244661044,0.07774228723794757,0.06075700943672393,0.025037127273174038,7.547049348859037e-05,0.0020994582351767407,0.03597280759975207,0.04942479327227409,0.05698092541136813,0.0009256892089680134,0.09743508541429445,0.050286355488513734,0.012618947879062151,0.05929380295762889
13,7422.1774,7029.5602,-3291.385,141,0.054702143666319016,0.009993503547213014,0.08566623888973995,0.009234937940162205,0.029837154778121936,0.012865283783058687,0.0012967212543454813,0.06799917198783144,0.0892762462752313,0.0022491621360906716,0.05826754443738721,0.07942161582108903,0.07752517307010588,0.02795489465931783,0.07633369893110777,0.04893097727771609,0.05459271370497241,0.03684682215120542,0.060528561371459316,0.07059918837913666,0.045878245938388656
13,7381.1282,7050.1861,-3383.9721,103,0.07215684725758788,0.060148597714351444,0.08551146465956648,0.06461623863443809,0.008291934798369809,0.04152754808677637,0.06469773012591967,0.009589972751373169,0.024174542861961277,0.044357778545905266,0.03680435211758843,0.08485184229259508,0.004420941043413642,0.030273500175951405,0.05198788440156706,0.05322772510374743,0.047398635431503064,0.029498091805351227,0.07379602039810855,0.03470853312124608,0.07795981867267862
18,7516.9758,7137.1486,-3371.5271,130,0.04838499031092159,0.07450358114198397,0.0637614392014484,0.08899811482928373,0.007555381686192976,0.0782541659693618,0.04644962549742349,0.04236225132103709,0.06505430986288896,0.042009923754274155,0.05638537226744251,0.02770822907932557,0.00496475065728258,0.08504374775218371,0.015538414281038998,0.03931211270490612,0.01531503644185424,0.040158109625301606,0.008127436221620293,0.07381995498974599,0.07629305240448216
16,7512.1308,7127.1162,-3357.1981,134,0.028273173376727582,0.025490388927796807,0.033115886976455684,0.05464828752035325,0.07809419327266008,0.09154152934746787,0.03989635265694382,0.057885659248368214,0.04170857767318635,0.015151571619706023,0.02181143568887821,0.03040989627223521,0.04627873224426244,0.08047135122720837,0.03650865116034118,0.03017679852641125,0.07971062968507309,0.008136036011156486,0.048655682355397016,0.08182256168420575,0.0702126045251653
5,7304.9687,7096.6745,-3479.8403,58,0.0842133466608,0.0742021262254882,0.04588091530138011,0.04072436677815933,0.03273689707670337,0.03572207927183262,0.06378231558173572,0.013739504496147175,0.006480032047370157,0.008461829134319802,0.028806398751726782,0.0731060466143512,0.020359038560019582,0.05395219829415824,0.06946767967669835,0.06784641343264909,0.08763218065645308,0.014388293055937465,0.08782651482782368,0.040677931957612434,0.04999389159863369
11,7331.062,7006.8645,-3367.8689,100,0.05099184841492034,0.05471736051392428,0.04180520311261484,0.07534738742131011,0.013103059171536086,0.06513190033196505,0.03577877974617086,0.004393062762073706,0.009226599942017133,0.012190895309058982,0.04855165175496972,0.08562685549593105,0.057003014177015435,0.06592482453571862,0.06926929605283542,0.08393664981362858,0.08175642032534539,0.01808591081044388,0.07672862661431343,0.01770564334593612,0.032725010348271064
3,7348.4006,7146.4824,-3507.5095,56,0.07591110938157246,0.007004025955111835,0.040863974364520196,0.08664360733530083,0.03509641110331359,0.05921911642717312,0.04082199945735435,0.025350075621181332,0.0020414362795627343,0.02437579074159549,0.04057495390186535,0.08997563891965808,0.06413866216268127,0.0204883183932964,0.07749747431498914,0.08996024856230933,0.04781862128264175,0.04155845698941406,0.08791790749299225,0.01643452035844782,0.02630765095501862
2,7677.9673,7482.4922,-3678.2461,54,0.07784683109103151,0.047851236381345794,0.06611559737955179,0.05832542580878067,0.047424094433821076,0.0717649318634799,0.05944638592060758,0.020232130070340634,0.009776204441549698,0.01059333448303445,0.021837332554434274,0.06321997007401335,0.043966189087254276,0.02805442558537516,0.08135436854401565,0.08225979019983068,0.07907628973302444,0.0013333529450677481,0.03538021957264514,0.052031367889809534,0.04211052194098662
16,7325.4368,7025.3592,-3394.8225,90,0.09061222390660631,0.04137870203243026,0.04946641567874435,0.0948966537956948,0.0733011774320854,0.04266970869073355,0.062446000786792175,0.01744971853770815,0.0017492557945730282,0.05214942061035582,0.055941811341765964,0.005954187783839222,0.051546967745271656,0.015314248081549865,0.03293611216736179,0.0035792914832144295,0.07058875388613586,0.05712464539738105,0.07776077307940606,0.08279050612122137,0.02034342564712894
7,7414.5387,7203.082,-3531.6487,59,0.02780515874883768,0.10366108668806104,0.003746224256234518,0.05958061148332248,0.014241307519296368,0.040267298449087545,0.040142277547375586,0.02675985521348692,0.10542760889505517,0.06362499461138253,0.0053385438922475435,0.05621683221892889,0.036984763158716336,0.0016784262602800096,0.03363365597374479,0.07915323838170883,0.040452581737918,0.06519474893620282,0.09259384223544137,0.03704482725100029,0.06645211654167128
6,7275.1177,7054.2775,-3453.0083,62,0.002522098106571731,0.06671453604161315,0.04710222878209089,0.060244401544490796,0.03795920349625946,0.010752838445257656,0.06216606887462136,0.05913767435184941,0.07980099637600956,0.04956804773466133,0.06508698301176026,0.07904372468425787,0.07986385407393207,0.06748114047365364,0.023419991163015182,0.02776769902511098,0.06229941702225192,0.061106145212187345,0.01468710447441762,0.02296498712002629,0.020310859985961528
16,7409.5117,7050.3979,-3356.4911,117,0.08088843214630351,4.145008625393972e-05,0.09784453196163105,0.03266145102495756,0.040903903519091664,0.003022964384600988,0.08340111259493017,0.03736678896291164,0.03796528366314271,0.0935724171061554,0.07830556715501098,0.04504429864507406,0.057288275357053144,0.024919674267838657,0.011848346702362395,0.015510155894799364,0.07470243726672098,0.03218398294626208,0.09405116829407109,0.02696103965402664,0.031516718366801935
10,7331.44,7055.0688,-3424.6136,81,0.013188282322789064,0.037389810057873986,0.04708014935208999,0.03193692501473153,0.08841844374370852,0.009426469006617654,0.0871205721432021,0.04083519710931903,0.05678466860879526,0.061773200747401405,0.037926915565815685,0.011645943773815393,0.038716624920021425,0.0833244000726134,0.02394921214191012,0.07368773353170814,0.03418021380395889,0.05190316712733287,0.09508112395224935,0.03676159232820051,0.03886935467584576
2,7562.1619,7438.098,-3682.8524,33,0.06316434231031942,0.0811784597344292,0.025326652016509875,0.057983066024680736,0.0246501745795955,0.07213486884093846,0.0014774682445983735,0.08488811648894178,0.05793643463273628,0.03811753246924748,0.010817988860177336,0.05212880698175061,0.03826899240590445,0.002680193819747574,0.08641894506488378,0.04688053192507702,0.057128187898749544,0.018087464481598408,0.08209577786824913,0.042240252453290966,0.05639574289857413
10,7412.5917,7136.2206,-3465.1895,81,0.07056929813707996,0.006099151557308109,0.028884749128544072,0.00041658463647530275,0.08176250199975091,0.08571056523420843,0.049981953638874255,0.03693479994211532,0.009650264053994113,0.05048787029164495,0.023169091676538155,0.08013958853747971,0.07204179344234882,0.05596854307112201,0.04017819028167574,0.03850281938432467,0.06407077454923778,0.0773388826239148,0.034535009317650814,0.018893412889653325,0.07466415560605875
3,7501.1282,7299.21,-3583.8733,56,0.005741635075113701,0.08552900313179239,0.01359153706211405,0.06898875035742938,0.03723316243815121,0.035813502516920864,0.03258706721002442,0.06955044918448261,0.06508137813768258,0.014834943122061744,0.009641079060361586,0.013372797043293288,0.06531816650970504,0.06799557110124181,0.022065237210187407,0.06139852345281735,0.08608218869122057,0.05213038952610983,0.049384929225257446,0.08789372774443487,0.055765962199597854
18,7416.8184,7020.7529,-3276.799,145,0.02292936041343468,0.08689050254422676,0.019981425503076487,0.09506242980278658,0.045796672948735934,0.04035793152191985,0.061346369502195026,0.029503770814856084,0.06994724415057331,0.08398886700583513,0.026659038097231767,0.02541582669813909,0.07973104796704458,0.06605113221169549,0.030427831552095663,0.003408504539508156,0.03669776383412929,0.01379077808019482,0.05475250596622289,0.09439487324677238,0.012866123599325964
15,7425.7701,7088.3234,-3397.3631,106,0.021616738058321275,0.01801366807377916,0.08291155659446435,0.04113444319393285,0.011346671888230462,0.08176922689647753,0.0480248653559978,0.044002059113805586,0.02036238708624338,0.08381833634021008,0.10689241275153576,0.018916738257714893,0.03203274630232795,0.0436116242064489,0.022739562125191994,0.07476569303414347,0.014000899876443946,0.07021977446761553,0.01928704163548925,0.03599655721479025,0.10853699752683553
11,7366.3365,7042.139,-3385.5061,100,0.012342955012554684,0.10331601709920905,0.0712774756841154,0.04977305356397725,0.010306649338043927,0.005453617536732809,0.04671671376096761,0.056289639506502294,0.010574589095059261,0.05827412292943176,0.06299215080348915,0.05088690840792973,0.023318894966968217,0.08678091677105465,0.027755853088330236,0.01838278143791114,0.05987841156242838,0.10015650822667765,0.1024581377441645,0.014856294154646878,0.028208309309805474
16,7497.1549,7121.5989,-3370.5465,127,0.07442480278116911,0.022747523529925297,0.08944033545895719,0.08471041221586133,0.02468492507169206,0.026840038717230355,0.01303012879636742,0.08440674645398048,0.08289019721696013,0.07672983752447844,0.0016312142826093153,0.031439885197900704,0.06862720027245942,0.03653723207598957,0.01261823776424638,0.028843194262298037,0.031304295020157254,0.02973219003067083,0.029483113195093544,0.07860561559413483,0.07127287453781829
6,7260.3087,7058.3905,-3463.4635,56,0.010746714161644438,0.019682780637795765,0.0655548605630978,0.07845464146076052,0.04598035010289256,0.07124704103275038,0.07983111870850021,0.07901329145061009,0.03374444220109786,0.018440220411588246,0.027280775684364746,0.05952574751420332,0.06856518081726841,0.05219990770418272,0.08802452703650544,0.01888312183092367,0.07989004553284013,0.02066173959667776,0.05889784112367792,0.004255324073313099,0.019120328355304972
14,7355.0982,7015.538,-3359.0506,107,0.004687189597793322,0.09739200120965057,0.05209659675801107,0.07443596347680984,0.06826998990604087,0.034607795079866346,0.00785685482684704,0.07123250037365465,0.05982103883419656,0.0716778042415936,0.061149098963619745,0.056937144413871876,0.00838664066051481,0.06216507423804388,0.07929681765938258,0.029687935492817473,0.05527346321496819,0.027112021945759197,0.03293778596559479,0.01655853151609808,0.028417751624865494
9,7431.3342,7096.0286,-3403.1218,105,0.01107301023451478,0.05664815168518375,0.05382026074446723,0.06000171999176169,0.03020460132262146,0.05320710990906837,0.0390036046189994,0.0747547959556449,0.06694235789893267,0.014347563226447282,0.0443336192225171,0.0536416752166003,0.03345335625440454,0.031570873982371545,0.07879245110468176,0.017755736354024592,0.001695658116645939,0.05642033653204,0.07959935220387533,0.08000632521849865,0.06272744020669864
19,7506.4732,7128.0342,-3369.2524,129,0.06324488141358024,0.06133335723894502,0.06996515388469306,0.08016445498954976,0.0069470878935769306,0.04910014677500949,0.07387529835000947,0.00677265508624194,0.054151966466098024,0.012315410296202546,0.026384727242565995,0.0005876837023452331,0.08076004427049997,0.044797428730975766,0.0565871511214959,0.013772015544160212,0.05534888623305158,0.07033391048706684,0.05843533929571948,0.03732339040398607,0.0777990105742264
7,7471.3938,7192.3007,-3491.6139,82,0.04852219780680803,0.09452457189340839,0.09074433882795645,0.03570129315196194,0.08001094696151652,0.03377174757082208,0.01825204633363494,0.06767155856366681,0.011318413534211966,0.010680651942747484,0.06224593195826645,0.004761099295466562,0.03440535940821048,0.061498200882843856,0.055610425171985174,0.027525136483026815,0.05204325434834196,0.0655352580982657,0.021667418322463498,0.031196971302666975,0.09231317814172794
8,7401.7446,7190.2879,-3525.2516,59,0.05966069805134023,0.022077229865322897,0.007233591826617194,0.046395832812778905,0.023811544423432952,0.10650282642764108,0.017015466052707137,0.036416701308547086,0.1059705875087022,0.045103665980648806,0.06232290175842603,0.04050198202807525,0.009315701485847568,0.11226323776474975,0.012412378524195257,0.027499170894156814,0.040034908919604324,0.03753797547979526,0.04376163204293981,0.0353482492735686,0.10881371757090291
12,7396.3696,7111.8972,-3448.1486,84,0.0903764200733037,0.03514255057646865,0.008896323342021476,0.010495751492687246,0.03912686155938152,0.04683204188296911,0.07815161641015228,0.00924058038189691,0.024843825445050854,0.10162633535231604,0.07370236922483415,0.07599033135847258,0.04961692810697753,0.03970885525643634,0.03670850944703478,0.03807270473897683,0.045752598733173874,0.016989855811051526,0.042610876272268096,0.07501051768607245,0.06110414684845407
20,7396.3696,7111.8972,-3448.1486,84,0.060028956687751704,0.01203222773535187,0.025256088280167708,0.037415827032026075,0.00823171321662475,0.047916796781713296,0.07054461736120095,0.027834833594848486,0.0819644491874752,0.08846916116840049,0.08475696196494963,0.07362864112937041,0.0396738300299512,0.02384589548958966,0.06387440337699452,0.07983091438865657,0.009571800519703019,0.016251235265744766,0.025308783669694523,0.04710053661502857,0.07646232650475654
9,7409.6375,7127.8439,-3457.7591,83,0.05407121757528125,0.05261207960378755,0.02213129560806485,0.0017082377484328838,0.040220301484502695,0.08113928888907931,0.0872339371444759,0.05767746198628721,0.02182010057988076,0.011428834660482518,0.08503200542473001,0.06393681378905569,0.07976783744380767,0.014186957759211695,0.016156938237390187,0.023445545693673,0.021583812815759666,0.06714526843900032,0.04431410582510804,0.08477587308057466,0.06961208621141413
20,7409.6375,7127.8439,-3457.7591,83,0.034398276791286236,0.04987732855538331,0.038803322508182525,0.06536919955540535,0.05187157571383753,0.06461844009938518,0.08040841603001288,0.027352730954771396,0.0358820848678898,0.012305628259406471,0.04380078164957903,0.03368514832240718,0.03279921308837024,0.07679444603424082,0.06276019857143376,0.07925698618320914,0.0012767764733417897,0.026477033250642153,0.034248325604415396,0.07739778102610495,0.07061630646069483
3,7518.8119,7259.2119,-3536.1593,75,0.08177012776410736,0.02479149212944412,0.053645967328928894,0.012729807160864066,0.004559544207838258,0.017287048429380305,0.06482368181869566,0.08341662773254034,0.053449582293363676,0.07203936688372213,0.05973547611446967,0.0014676437921911881,0.04964134922465981,0.08581185040224856,0.019239936216262712,0.06430050196885392,0.04070588753718521,0.058744237313303325,0.047756122795867766,0.04207842534640585,0.062005323539667104
7,7409.6029,7201.3087,-3532.1574,58,0.06698324144600125,0.1091011056908297,0.08322491393457475,0.00507771820615412,0.02804401427394784,0.06858180941589584,0.04990622161133012,0.036604485123559745,0.025467333451981322,0.030972307643827364,0.003134533653637535,0.0446423692336875,0.018697231974798816,0.04848034494951734,0.025029120944300168,0.031805774602429934,0.06883874206836252,0.11128490793584106,0.04127057534334911,0.026247888507541128,0.07660535998843278
18,7346.668,7002.9645,-3348.8822,109,0.06321614497854103,0.04051871726335152,0.02088190770043773,0.08226455100454634,0.03307706224327796,0.0212941598722637,0.033727329218482906,0.07364866189801263,0.06587318311376111,0.04974966145715044,0.02608312778304352,0.002010585352447664,0.08032277240832383,0.05235183339335904,0.02801716932185811,0.07245435581892369,0.06863746064767992,0.039830511120880825,0.039623170909081566,0.06851907731125852,0.03789855718331789
5,7379.9845,7126.1373,-3472.6989,73,0.0568966531763069,0.015043173276932657,0.020687190284280232,0.06943160153743305,0.06879225585694483,0.026446669858605974,0.023468403148513266,0.051187757463692043,0.040173524976109536,0.09450195846989173,0.054407178949893414,0.08979149264588868,0.027008508113868308,0.020616813383136704,0.0743365599696812,0.05467139246410848,0.052316288894132285,0.056494637992175877,0.0008174169664241242,0.0692822295913035,0.03362829298067724
13,7268.1317,6981.0024,-3381.053,85,0.02311415236164742,0.060053553075750894,0.08708455137135217,0.04839248678939901,0.07277337391650684,0.00020222033391681767,0.0684927088084869,0.023473771188575885,0.01776292984409046,0.08308296193189506,0.05112410147509913,0.0316219981944245,0.019104600780485002,0.08991753559253987,0.06093837074361354,0.0842123722544354,0.021728082153165077,0.06215430176076036,0.025239427871492484,0.051046830507439224,0.01847966904492398
12,7376.5237,7089.3943,-3435.249,85,0.052419527238218064,0.024372096783442074,0.06818798303790323,0.08530001860340292,0.055191538983818705,0.013988605335467056,0.009560097799542014,0.09647207307459019,0.027140072218376044,0.0957082967152983,0.03284199393966711,0.06872089479094301,0.08700575180491371,0.012819803370826891,0.013579321641168707,0.022627912999413306,0.07045513798505475,0.02886896566425173,0.07339448488421683,0.00182717692660478,0.059518246202880536
12,7215.2142,6994.374,-3423.0566,62,0.07756562945067713,0.096151824537228,0.044623457306726226,0.014496516111645453,0.021529812010750556,0.07953062233061563,0.08076575004941028,0.0764941724341298,0.08787465302364708,0.08738827095113527,0.06840647953374375,0.009210581041166914,0.09184937728377802,0.03789634294197242,0.005515133444738595,0.004577929206933794,0.07951749230201544,0.0010653660839247674,0.0003354797065010655,0.004832772374847539,0.030372337874412257
18,7375.3315,6996.8925,-3303.6816,129,0.021453611723370437,0.08944662953556988,0.10056760182352079,0.09666272052317794,0.10157161366567377,0.0744170674726933,0.10326996705386508,0.00792903544050046,0.0071487975130693675,0.06397055480644233,0.02728832152193539,0.025912447376813273,0.08372703863440838,0.01848451167975106,0.026983419221740676,0.013310785233729033,0.014868683575103799,0.012125376445142519,0.006108185516540306,0.08364533347243622,0.021108297764516053
11,7312.9158,7033.8227,-3412.3749,82,0.03409793442597347,0.053609717636011384,0.06062787345136139,0.0670583697140318,0.013386709838180582,0.01814359121904291,0.06449356706025931,0.06877500176951148,0.06941431681014133,0.031100916445113525,0.04494129040339035,0.06792887522015569,0.05968345958643716,0.05561532617625905,0.05110784830944659,0.014472167433832764,0.06076769870903997,0.049367404860209706,0.019248302489419514,0.03480992246029008,0.061349705981891996
4,7273.8745,7075.1696,-3473.2231,55,0.08426777700191698,0.050569420342106056,0.021101948743121234,0.0529693531105516,0.05461939701038276,0.056112571491057,0.02605631111210643,0.0032780496505339044,0.04315715661660235,0.07232406275293118,0.0675815204628379,0.06933447478233723,0.0511860053175038,0.0250375377107209,0.08064477683568283,0.03832567597029959,0.034802627013273454,0.032104378288277155,0.06924622419401062,0.05066132854211682,0.01661940305163021
13,7403.2956,7035.5496,-3338.5,122,0.019826764564311462,0.04015989741405316,0.07203898992502088,0.04620152831606359,0.025312616243405084,0.049781179047155504,0.05108395803856988,0.01432762149343885,0.007692396292395211,0.028057748262066567,0.0427953300173323,0.0739798504047061,0.038664176493095,0.07729586563075573,0.0708088857846985,0.021145955039868092,0.06963869249988332,0.020215266460461945,0.0828960906039573,0.08795199141264982,0.06012519605611166
11,7403.2956,7035.5496,-3338.5,122,0.0429082821865675,0.07607817880427926,0.06518694342918098,0.0751373165479591,0.07269250159342808,0.04524836896424202,0.055481741473476884,0.0622653926319324,0.0031258887428294527,0.044007701165699936,0.08353475011961686,0.021536949413323524,0.003890708754538276,0.024654201701537933,0.0049283240645751425,0.061619360624045695,0.020466494035651803,0.06195120878190969,0.0071096487652287585,0.0859532141366917,0.08222282406328509
8,7298.5051,7014.0327,-3399.2163,84,0.07742781391946926,0.05847405485059892,0.04119582566737564,0.05075758239592508,0.0504568951851395,0.07017416989377963,0.047770487158686384,0.05580695368041168,0.040226687397879976,0.0645934574974897,0.03333149638044407,0.017435110444312604,0.07257082254826894,0.06230895096888559,0.07246195992716148,0.058732437860695874,0.0024264692277103914,0.051638627244658765,0.023359826755091073,0.0347820648566363,0.014068306139379186
20,7383.2054,6985.0068,-3251.0627,148,0.05412080544633378,0.06271743986309805,0.011535649502091098,0.0425183128010609,0.09038787329496491,0.06832274644478355,0.01974717037893028,0.08826407872465254,0.049579244482066825,0.0864304570247098,0.05526256043448202,0.017785288856684393,0.03985025480512767,0.01661227349837076,0.029105899273965764,0.04398893086348849,0.04191829287814472,0.029538607419859794,0.07172498831796846,0.07286546838758264,0.007723657301633483
11,7412.0427,7085.5708,-3405.3826,101,0.06325775807682427,0.07906605905021485,0.06339386856949177,0.03262799357516548,0.039304589939972163,0.03575268992419736,0.022930219283956704,0.06939241011899294,0.058210376166833756,0.039423586349757456,0.03051525759860611,0.027945026709393517,0.07964323263627986,0.03068323020837062,0.009922317171157609,0.03495658641540996,0.06381330649576814,0.022137707099744997,0.03886885823584348,0.08099416782783768,0.07716075854618129
10,7414.5843,7092.6869,-3412.6066,99,0.016369181198952105,0.052737871169076384,0.004250715702234591,0.001923491786650191,0.085694740906967,0.0005163097442275353,0.021800472799117194,0.08183238784806278,0.11468432284979906,0.05483408115090714,0.0015152131574105686,0.029107259844333294,0.06403296625019508,0.07638995343011007,0.01840377479239086,0.1109131197280542,0.09319608355335858,0.025672439033613124,0.014626242917742846,0.019652473427404834,0.11184689870939261
8,7410.5525,7199.0957,-3529.6556,59,0.045229006467721475,0.005892061970792984,0.09611465877540154,0.019779982840973695,0.012059960533290065,0.04991770184012172,0.04320278276917111,0.0884327684211454,0.008442543995409172,0.08997850830163581,0.05799788162204056,0.06529503177742982,0.03469997278170659,0.051202766911388746,0.06376567256296797,0.06666049824374347,0.01999415192769664,0.008599885076135929,0.006559296798453959,0.07868481528996799,0.08749005109280539
14,7238.0982,6873.709,-3261.8545,120,0.03493279993443945,0.005293878075522666,0.05670033933969065,0.07033493631657085,0.027727800273802283,0.058966690680153276,0.04947204435028033,0.07297594260779874,0.0163080773030692,0.04014478996069611,0.04581475207522447,0.05652760523806652,0.02001362120945128,0.07860444522457635,0.06581011638875471,0.06733474257890093,0.06848096768320078,0.0023550955601671277,0.080076763729778,0.06774436878431894,0.014380222685537321
18,7333.9454,6961.4116,-3294.895,125,0.016067692828941934,0.015005726449218548,0.03942737190702757,0.04854097858550086,0.06362957251892432,0.0981360668595188,0.0010178437140933867,0.05463063270974096,0.04060497261547289,0.006127202058738311,0.05831887701275486,0.003746878851215047,0.07344812431280016,0.10328150987456508,0.08907560848119417,0.0787366761687968,0.04640882599227319,0.01995507752976414,0.04169987125934073,0.09688763035698557,0.005252859913132637
15,7406.1152,7066.555,-3384.5591,107,0.004333165678996714,0.05492624289346051,0.06388283315556482,0.034827846765641955,0.0565289210698006,0.05604702827219499,0.08607565293950564,0.03543148288782696,0.023987599951841507,0.04818413332133978,0.07260805512088016,0.07207872563586294,0.028251190213311034,0.08587400388315886,0.01584693477761573,0.052224707734990904,0.03186318859239353,0.05649100844167739,0.054069303328274386,0.011298064182923576,0.055169911152738005
18,7460.3969,7081.9579,-3346.2143,129,0.08393617490080658,0.01670059904615894,0.04004735733627271,0.061105523579993694,0.06599413848151366,0.023282126979383404,0.0843514660897746,0.01453935864240031,0.02627263316889756,0.05591802995867642,0.08716209939651012,0.04766026607161177,0.05770129597745768,0.04144063218635938,0.019180626392248424,0.020830270758788728,0.05490646533327995,0.006888554216584074,0.05425615717305178,0.08960234979456282,0.04822387451566738
14,7293.7536,7051.6465,-3441.4899,69,0.0028230990013496204,0.0013854916897287012,0.025881729292645348,0.037471142629118236,0.02999031086346022,0.09107802709482352,0.1055051321501044,0.02374456038080387,0.05621526681485701,0.042464654404067714,0.10387942117140515,0.03896866243618493,0.0660142697276042,0.100384214706296,0.017127984925406813,0.02035081662816539,0.01396596632019743,0.027522790056225117,0.08558101776180305,0.05504737403385312,0.0545980679119001
18,7432.0418,7053.6028,-3332.0367,129,0.050810072362064744,0.05718696657609519,0.057868477505609875,0.05541741214325713,0.0677049669901257,0.04462598822718559,0.017590385927399338,0.07871766368163947,0.012762418255321189,0.018158381812837108,0.05490673218103796,0.03746585775676185,0.07016965171522577,0.07732674867586102,0.023702309151346312,0.02283566026924085,0.021926486657284326,0.0795967687804475,0.07313928770385898,0.026242680906320738,0.051845082721079266
10,7313.6851,6991.7877,-3362.157,99,0.09139165516948607,0.02526829253879752,0.07570553163516683,0.021310906094819785,0.031065930118380762,0.028912644338427804,0.040677455306421494,0.014671865342250115,0.04265761602025471,0.06577799299144349,0.011236878856054186,0.08654540059524624,0.06377851583338041,0.07646386585742548,0.06277863227062262,0.07264590973952016,0.002938519963803076,0.006886576406991514,0.08519791175712009,0.0688900698521909,0.025197829312196836
15,7383.5641,6990.9469,-3272.0784,141,0.05454577953822995,0.0471849540028981,0.07576981662711488,0.07425438315525826,0.04463162990553514,0.04643544026165275,0.0012426537897013918,0.06995344821242377,0.04523117391868811,0.06385209726357563,0.07264117549700681,0.06353953732155251,0.03462226780153981,0.06811346872323859,0.03354379055971739,0.06940455334926554,0.015653159451688808,0.03911014769723498,0.03195219097884998,0.03936529193738949,0.00895304000743811
6,7447.0757,7226.2355,-3538.9873,62,0.11644043033331922,0.02992604156537384,0.04679892717838371,0.025685859366433073,0.10603613185848547,0.03536370530844535,0.03541422910179971,0.006002113987245407,0.0009431956392070977,0.00829517430645186,0.0374426998518299,0.022662625243365198,0.04781198078743941,0.10715750523460574,0.06070101625988279,0.07773393364436118,0.07329917173473517,0.0747656494369484,0.0073073929027997276,0.006884595061980034,0.0733276211969078
8,7389.7021,7121.6236,-3462.6745,78,0.05925577161945803,0.057176862377528365,0.08048393336637732,0.07729328633320746,0.02106249642435377,0.066007378862048,0.0425518818858846,0.025723898421359838,0.023079959940793104,0.007387882956816951,0.01729655479692914,0.08098060139396335,0.07117625097488162,0.04642035525434125,0.04305092281721738,0.08428546219892565,0.00025014864909741005,0.07019727774407218,0.07567422096267351,0.005209369744077889,0.045435483275993116
10,7394.2852,7117.9141,-3456.0363,81,0.020706279135499456,0.04981383181959813,0.07621314727030525,0.001186644055275227,0.06998598614208018,0.07777998411178795,0.06982012132710565,0.014401009402049502,0.03150739495061609,0.015062472646962548,0.03927786391558938,0.013162993895478228,0.048861196242621516,0.08058174621268971,0.0647158861171738,0.04503851432979083,0.0755190534822089,0.050621189424002296,0.030930369797536793,0.057518203289937474,0.06729611243169105
19,7536.2888,7148.9058,-3363.3239,136,0.023133268370469622,0.006797533724562767,0.04742500990569321,0.06246625958690142,0.048561876022173524,0.020971151702350806,0.07560777624784755,0.0531170259574383,0.011607418393986763,0.06760293024511575,0.015482291617740979,0.09106524806167478,0.0941371622382551,0.03863294571768539,0.012241214417730954,0.08622106811122779,0.02648545400724982,0.07631772644660573,0.04416475305217752,0.013381349367913745,0.08458053680519843
10,7348.8611,7077.9975,-3439.2774,79,0.04709544869997262,0.07076069405423314,0.03767389989619967,0.062562462857548,0.05398587440719101,0.03234124579545402,0.04037118208340408,0.06426979043056119,0.09954185628649488,0.009682844143255194,0.029811006677722404,0.06964407093595186,0.004289985836585912,0.10488604898654903,0.010165048475664436,0.04314162790226844,0.10535041898552557,0.011640723882659668,0.004702524671569431,0.0518406573396557,0.04624258765153377
5,7421.4492,7206.8472,-3532.1273,60,0.015694016699734126,0.05426434520030791,0.02353591165585394,0.011431008526459655,0.0009981050461926857,0.06045547945753988,0.07928964189813538,0.04035689626445554,0.02992680795843542,0.04841300355397027,0.04746235852821653,0.033756254431129146,0.029942898251047147,0.05030557094862168,0.030615695580176086,0.10148346122680853,0.06937775829283012,0.012692492617940901,0.07069155668827995,0.09974639974961179,0.08956033742425329
20,7493.1653,7109.3919,-3350.692,133,0.04776062472342895,0.04197613613360164,0.04125880776793431,0.0700909540332934,0.0026810059147438924,0.051599735924741416,0.036768432977283876,0.01551899219189742,0.03684331708092554,0.053582097991296276,0.03268409653176531,0.06911572829955702,0.055144564377447,0.007676186929985976,0.058202228692159186,0.04145681147584316,0.07083128369823082,0.07557533250904165,0.07843372150515217,0.030147448820366463,0.08265249242130451
4,7472.9084,7255.1785,-3554.8803,61,0.006819563825472643,0.05925819170894844,0.057788754497063624,0.036468548570092775,0.01973259723650642,0.06642988779402934,0.019607842354310526,0.061267902816816884,0.05454834048109117,0.09924758580207249,0.044445811246649466,0.014802338706961465,0.006326849826962998,0.029934866028834103,0.08846786160126938,0.06534377359631274,0.0848605915361907,0.008390625438518165,0.08589824306172966,0.021791890604501,0.06856793326566611
17,7481.0906,7085.0251,-3308.9352,145,0.051170483894550235,0.05654111838361026,0.0566114829397317,0.042578283385542176,0.05683367391642807,0.04356085467342697,0.07020430182532081,0.0204015313900649,0.01996917342342198,0.029099899796963695,0.06729612320494666,0.051135090704307544,0.06666802912827723,0.06148124405587225,0.04480760147849946,0.04940484725303693,0.0247948551569263,0.026957230876178805,0.06865373784407754,0.033845235522782416,0.05798520114603415
18,7445.3142,7088.0216,-3377.369,116,0.01515651372477759,0.08287559595728726,0.03559648412566407,0.08188580319191344,0.022383245457334156,0.028626134419354084,0.053935668384912254,0.011685210034018277,0.07657389957962944,0.05483566127538104,0.04659408009318378,0.026448924627444984,0.08172459600809674,0.06302767138350443,0.041535492820747096,0.023435714849592115,0.045887302498413794,0.06242801393783456,0.08083794140811128,0.0028780613649567743,0.06164798485784287
3,7385.7221,7190.247,-3532.1235,54,0.04280890582030935,0.0586384979364131,0.060508118522913885,0.03756048589655173,0.060116242452050474,0.05499975135847045,0.05620482434739606,0.0534934125564978,0.014561184430015282,0.032836184568994696,0.018456841152403848,0.023682762153987458,0.0900024991460822,0.05109976715235127,0.058915055575159525,0.08051281603966735,0.04968068019407496,0.017765342826380003,0.02643609972916279,0.08493891160874154,0.026781616532376314
13,7453.4772,7101.8308,-3390.3804,113,0.08945187842902355,0.0025434893881170245,0.01177776060659948,0.06268821770982407,0.04910673160375772,0.05584254850794827,0.08329008474243609,0.06021982690373598,0.018193518758965153,0.05540731956168729,0.12883646927111994,0.06635198095063416,0.000910228422418032,0.050680452163614394,0.04745995110289128,0.0024230456049484125,0.006977291525820704,0.051180989913564935,0.02567138679786637,0.06647315527616553,0.06451367275886165
19,7454.3311,7069.3165,-3328.2983,134,0.003298913584333965,0.045145343287260865,0.08006661002402694,0.06444673962496619,0.05192230144134241,0.04973060261137476,0.04497062117922905,0.05452518306565442,0.08248677460290282,0.08137971339817394,0.08247741891149092,0.0032892034995446774,0.07870271278070197,0.0852420997523339,0.02131176165134947,0.020018871325077785,0.050218394507362867,0.024709638733802473,7.793946466951182e-06,0.01752051622759877,0.05852878584500484
18,7409.5436,7033.9876,-3326.7409,127,0.08916462162393933,0.03810052250605901,0.02811986335553238,0.04818399292801463,0.034854903207786614,0.0787370744924349,0.09050127530690047,0.00578439199945514,0.0024759305023639606,0.02969613262608439,0.028126423967099363,0.04760953038922318,0.10141612666116948,0.0167711558474393,0.04892863482346845,0.006690183397732797,0.06452089901245266,0.09646997277894089,0.08410602763902648,0.023157099717993616,0.03658523721688293
19,7521.2233,7121.8266,-3314.1184,150,0.04202554998427585,0.001154685283091662,0.07901619791301219,0.06783174793716468,0.0847823845785779,0.040730613664749234,0.06211828373314414,0.06792087581503752,0.07515702636787137,0.03461060979905229,0.03987324176573265,0.009877274887678818,0.03509690655681494,0.0811277819393941,0.003403392053180808,0.032670219963883064,0.06366853465574404,0.0829733413291241,0.006950823573508593,0.00648700926955839,0.08252349892940358
6,7214.9817,7013.0635,-3440.8,56,0.05167034461108814,0.043925583892426956,0.060679314190059994,0.06942711539049147,0.047418948347482066,0.011410068092365685,0.03821611861423094,0.01721561947153286,0.0795128804091686,0.0639073124172293,0.024135552525953768,0.054283133729708354,0.007336457680320806,0.016366848702233972,0.044719353708994505,0.06179974142104482,0.0709182516126957,0.08583335387752981,0.06506158189930035,0.07375153348539631,0.012410885920745515
4,7260.424,7058.5058,-3463.5212,56,0.014983474055106697,0.028490381296969878,0.08928287289518537,0.08723812821962308,0.02561200134704743,0.03778137806264563,0.08980761090364424,0.09166530993045843,0.017550936087705825,0.022962174792540944,0.07289194478176789,0.06521175001751259,0.027179617166294665,0.0631675346881861,0.08747516719022683,0.016890119025807424,0.08601018819815749,0.0005704443469369725,0.012872898439498813,0.05643361700358758,0.005922451551096174
8,7292.3264,7010.5327,-3399.1036,83,0.01617346222701516,0.054176065035416096,0.053208281224707894,0.04507976152034586,0.08316259062296419,0.05684507121055946,0.07941505499666057,0.0440903649663176,0.050523028632267465,0.06457016713879465,0.05369893571813109,0.03537047315631144,0.06212074071790696,0.06943229936109947,0.02844759946096081,0.05268959616609989,0.03856603336477748,0.04019797504601026,0.03050562484619274,0.04115150960537558,0.0005753649820852605
6,7314.3895,7049.1168,-3427.9949,77,0.0580732023101926,0.05538170319158695,0.04154101222442216,0.03580644654273542,0.044482693250162866,0.051318783954210107,0.08173591197066103,0.004049004924210364,0.09042298435481398,0.04828256985035734,0.02213437684075705,0.090305472332879,0.03895984498162444,0.05661295090338998,0.04658866460792239,0.0012388679035526843,0.07541570878081902,0.0508835939853879,0.0681479491630182,0.03366969330552996,0.004948564621766535
6,7142.6231,6943.9181,-3407.5974,55,0.01743691033615492,0.06003835639735482,0.0750852722891619,0.06969855271033758,0.03182777061799678,0.02974561052777781,0.04760587503122386,0.0596425799180582,0.007251992408323854,0.06837889007032821,0.03989343166275614,0.045632880371464825,0.06615379110657434,0.07072701066335527,0.06854877364868268,0.05106060618885471,0.07620696597067267,0.013147361191645028,0.06414700371903767,0.029479130744923896,0.008291234425314813
6,7209.2252,6941.1467,-3372.4361,78,0.01460630930738322,0.06280025599395261,0.06672731587057204,0.06356070115649286,0.06719679256687802,0.0023875212059289996,0.014844525216353382,0.0803555748624973,0.007094892543869782,0.07521819626045675,0.03699193326840556,0.02204384573415119,0.07531818886588038,0.07691700298645733,0.06779438464564373,0.058972021631214906,0.059800819003304646,0.030358417857726576,0.06242872510674787,0.04745566340586707,0.007126912510215737
8,7303.593,7052.6517,-3437.4797,72,0.04389627715062063,0.026809794260816845,0.07055342409611805,0.04446400825590902,0.030508737088045,0.006702404137517928,0.06698234380286167,0.060447018389115974,0.007431529909440197,0.04414864441239109,0.07024430621707041,0.06683816645452856,0.07810591666501203,0.05434632777370849,0.08101937744085112,0.06007714745973435,0.07361351196183429,0.04751196671861334,0.05546786033306871,0.001981830306174486,0.008849407166567872
14,7272.1216,6941.1795,-3329.4688,103,0.01597804524632544,0.06433932860577908,0.06636463291228005,0.031128464690024785,0.048624300522603955,0.01146340306010973,0.07253189465264849,0.02540693132948207,0.019986179540552613,0.05680249313002041,0.02437831015103081,0.07844943116075366,0.08030661553436665,0.06869015400897402,0.060806411833531165,0.033088662020530527,0.07483043715850445,0.02782229272894827,0.07598188741719956,0.0521825784416503,0.010837545854683914
5,7316.1908,7080.068,-3458.6618,67,0.049975726594517406,0.0730265728771097,0.09083720730200864,0.06577541651279747,0.013680758530496539,0.03504884654467604,0.07718812079365556,0.01198470976874801,0.01770735916181596,0.0727890688189557,0.005524321141350344,0.05495154225855134,0.08517051498160785,0.07162283542378081,0.07761534396011027,0.0078320885525842,0.07654349309193051,0.009457231760521937,0.05919095457293334,0.03472483054990054,0.00935305680194791
8,7197.4904,6989.1961,-3426.1011,58,0.02654034236858822,0.04588134432983281,0.0340625416811194,0.04162661830670592,0.03230583739708247,0.007056125729332527,0.0687985540836831,0.07414748040842233,0.06098675104475502,0.07611858044974347,0.03213334645893056,0.07202044867962434,0.08065254991465122,0.04040304046929674,0.023006384932724132,0.08723787518469325,0.0790584320282172,0.011907619767576146,0.04446296211979454,0.06115934433463642,0.0004338203105901821
10,7292.6659,6966.194,-3345.6941,101,0.008563706561105338,0.04877852154380519,0.07682616022665528,0.0725022971606164,0.06377672613358111,0.05309696857468299,0.06561216065650588,0.05823941909110572,0.008085874317446938,0.07843119836209818,0.04200040073002631,0.03743991896614529,0.030984331050521223,0.04229332302047962,0.07701816385467754,0.072071310945401,0.029492744520615573,0.0230836295256657,0.06815960324896113,0.03130702166366771,0.012236519846235836
3,7347.8991,7152.4239,-3513.212,54,0.016943428739029157,0.06861521719114616,0.059505622041211285,0.05075616299295209,0.06277795816289497,0.03348661342914109,0.07116358341730039,0.01139829546040486,0.07447655499978081,0.07646154287131816,0.039529726713510856,0.0854664473657191,0.029330832716058023,0.097078896647891,0.027142896728187735,0.03805151979463407,0.045866256354558606,0.00017518739297141345,0.06613605365858484,0.03703173069697682,0.008605472625728541
4,7298.0548,7083.4527,-3470.4301,60,0.021331657318467586,0.05264792043410651,0.05989798851518663,0.06818775978656709,0.06536757333500988,0.00012847111741141364,0.026259379836694314,0.008030928655185357,0.005237660419833435,0.07416137278514875,0.04917686521387037,0.04359519084975308,0.03620941462482419,0.08074072511995832,0.05357955064781934,0.06747856369623068,0.07331433856677076,0.05814399478605661,0.07493561923307675,0.08046296488879848,0.0011120601692304836
13,7312.2456,6962.5411,-3322.7412,112,0.03789533497902348,0.049445761298786875,0.0076789647269115986,0.036726092021665,0.03410616432091561,0.05918138798343616,0.07814456106774026,0.05706444756298532,0.009326131918776563,0.08888379679117858,0.08476332067972189,0.05477687603135373,0.03385299214046587,0.08111172969452785,0.08191614253359919,0.017248058387342228,0.09073830647433459,0.02791255680781524,0.01773009656410608,0.04686443474609332,0.004632843269220643
17,7379.9906,6984.7236,-3261.3618,144,0.015953746741396237,0.05088856726692782,0.0661293470625063,0.021046550741401455,0.01417427541118253,0.021295620429360534,0.0802073551249991,0.05509584471011734,0.06903460162666045,0.07552651490354333,0.04873749856082053,0.050140992323808566,0.0804947286954623,0.060222696963138554,0.0710390878316577,0.06904840018416812,0.08184014109693707,0.013048007950948137,0.025384629393830974,0.03054501345046479,0.00014637953066819683
16,7242.1538,6911.2117,-3314.4849,103,0.062320546237104306,0.05888027122743578,0.03600505809593915,0.04797886852587216,0.013108344699452367,0.015365673325250911,0.0457486868390862,0.055405054865796,0.034319175373737,0.055565163516442584,0.04305595450786504,0.08037929974833247,0.048001867394195194,0.058228195546183754,0.04851209201795707,0.07109235537291023,0.08116796239322796,0.0008126709344913423,0.0548375777930347,0.07064140588358526,0.0185737757021005
2,7689.9145,7481.6203,-3672.3132,58,0.032880428034665524,0.040783945258361404,0.06883590007817011,0.0299504632978317,0.028819413098436084,0.008243155083894345,0.0693830335731822,0.04147813172019442,0.05238124767412662,0.06520036414054793,0.05159599851972982,0.06833565797089573,0.04313978037406334,0.06302322468871634,0.05519632131795712,0.04539428444555046,0.0662402690610337,0.031933957762310894,0.06468049327725552,0.05945531074589291,0.013048619877183814
7,7143.3339,7005.1676,-3461.5319,37,0.0812964476025523,0.07173669265835379,0.025395829682669978,0.024221858606331612,0.06339886934202725,0.02978834044290378,0.06955912892570401,0.053155240675892265,0.02579005730762188,0.07848987338491217,0.007178646848707088,0.039246727234382474,0.07738099790704288,0.0612996130238029,0.05353655300946151,0.07696651487387984,0.05560416715753174,0.035247702012513996,0.05034141366420804,0.011957521818879152,0.008407803820621328
14,7391.7832,7016.2271,-3317.8606,127,0.09150607074194751,0.07012407029265441,0.07321981995244779,0.010919613304534363,0.04251879799790144,0.007963859440037304,0.0400202228080737,0.030507281818796982,0.016106699028100614,0.10461592150126013,0.0012216564861670443,0.06693825237239992,0.053997676322436065,0.04513202872166196,0.020693833754733926,0.0771552303175478,0.07059124652705476,0.02337519669022887,0.06584174190727325,0.08544725777113979,0.0021035222436023788
12,7165.2545,6888.8834,-3341.5209,81,0.09556387290643342,0.04389499171212651,0.03191692749822963,0.0252143803452462,0.07192147261465595,0.024865531844784464,0.047284794038347996,0.06747477318996496,0.015369838352880024,0.04523761395946298,0.012074848379790074,0.057691302805332974,0.06995769673466028,0.047062301762667784,0.05614614831275497,0.09899815319372338,0.0467333121796316,0.05323891278842309,0.08193378822365867,0.006731009925457355,0.0006883292317677216
17,7448.7684,7048.8415,-3274.9143,151,0.08164889081887862,0.03821171748341855,0.019928788725905477,0.0652547884529758,0.05328198348566019,0.01916900726656706,0.04825536198516126,0.0856356245786135,0.002594703371864791,0.08101138964134998,0.0036049092241206993,0.04285095326224277,0.0661173234919121,0.0834832418264449,0.07807915679672753,0.06853723452029176,0.04591081519497444,0.013107253612702636,0.045691858932052555,0.031161245321248827,0.026463752006886575
9,7198.059,6927.1954,-3363.8764,79,0.06676971058658748,0.05884575814610037,0.013042438322952647,0.0758741657430749,0.04319055915481027,0.04845766279066081,0.0257834530888302,0.023312653157361855,0.03315640350433285,0.06591035176142235,0.04055301076512591,0.03058029078945784,0.08238888756902067,0.054468541493464376,0.07337973392900204,0.0752690759652167,0.08353243238578162,0.023836193977141745,0.043407345461178234,0.028953099550243364,0.009288231858233685
12,7138.5233,6920.7934,-3387.6877,61,0.01105170148383866,0.010104542124364665,0.04011162499509367,0.061064596182241034,0.012834410980126132,0.030814238267597674,0.06660646722982738,0.0558752509278923,0.042618907712037996,0.08030795910885648,0.04134880723436707,0.053747152416594994,0.07652840136843314,0.08362043607805114,0.039275949004891716,0.069187763637737,0.08148877835972757,0.0131754988814138,0.08278097646892146,0.04485545538061515,0.002601082157370945
4,7292.4688,7068.536,-3458.7072,63,0.04337289814654552,0.0933346318993849,0.046850974923318855,0.05226044056351346,0.038771594523764503,0.01744610720066042,0.042745858442958216,0.06466764689698994,0.01750547720830343,0.06203472961443506,0.028784976414948593,0.0700060180313021,0.0709036834449534,0.0682999636378462,0.040450498074061376,0.06729875137386444,0.059241726074316055,0.012097991676280274,0.0814960603980342,0.021605522342735727,0.0008244491117832829
9,7290.6483,7019.7847,-3410.171,79,0.04463785456244765,0.03891741356243475,0.03801009760017076,0.08996577195276738,0.08244188000027367,0.005081442158218463,0.06944254819042284,0.00429338096463465,0.04438968399220765,0.06911135525262617,0.02475615191037985,0.04908031248505994,0.027376701961470212,0.018498239075844948,0.02874270752739152,0.0822759214519072,0.06268856398428285,0.09498076692454727,0.06796318848473279,0.05272469753896829,0.004621320419211205
5,7274.5826,7066.2884,-3464.6472,58,0.08684488848415542,0.05675502878633218,0.0031893864285244375,0.04763639107012774,0.032701449961716506,0.007469288495142924,0.0016555527684462875,0.05491302257819581,0.08517238237105167,0.05605038452361089,0.07677518107718351,0.08524549363951425,0.07386328076022047,0.03545823899388599,0.06576616372263648,0.07275577414240895,0.07257050993728752,0.022392857943845376,0.0387864022235439,0.01405850883410086,0.009939813258068851
4,7259.4784,7064.0032,-3469.0016,54,0.051561264844782004,0.07947107957117425,0.03416006426950033,0.06287672475314454,0.07080767896454963,0.014040822016941354,0.06801056468118657,0.04714010474017407,0.03246170820237654,0.07348415488442962,0.013026078145855257,0.03856135055000532,0.0939632906132423,0.06323591093568505,0.04156906659343718,0.03724822948084809,0.08025746958995204,0.06554543835504474,0.00207187280450745,0.024897415321639943,0.005609710681523695
12,7249.7257,6962.5963,-3371.85,85,0.039298069350662414,0.08531684237457714,0.020005278016369192,0.08329669249917099,0.05172860497816114,0.009941322749554667,0.01614460862697806,0.03593806540199428,0.07074669770280732,0.06242949192381199,0.07853455203578748,0.045232182301323726,0.05029369915127171,0.06471152450504128,0.034843664271833025,0.08124550877134674,0.08413529777915305,0.01482546586583802,0.045508503889420085,0.02168917011480861,0.004134757690089033
